{"cameraMode":{"drawMode":0,"name":"Shaded","section":"Shading Mode"},"sceneLighting":true,"audioPlay":false,"sceneViewState":{"m_AlwaysRefresh":false,"showFog":true,"showSkybox":true,"showFlares":true,"showImageEffects":true,"showParticleSystems":true,"showVisualEffectGraphs":true,"m_FxEnabled":true},"in2DMode":false,"pivot":{"x":-20.79889488220215,"y":-6.987192153930664,"z":60.68439865112305},"rotation":{"x":0.10207582265138626,"y":-0.03556159883737564,"z":0.0035741343162953855,"w":0.9941728115081787},"size":26.31043815612793,"orthographic":false}