{"cameraMode":{"drawMode":0,"name":"Shaded","section":"Shading Mode"},"sceneLighting":false,"audioPlay":false,"sceneViewState":{"m_AlwaysRefresh":false,"showFog":true,"showSkybox":false,"showFlares":true,"showImageEffects":true,"showParticleSystems":true,"showVisualEffectGraphs":true,"m_FxEnabled":false},"in2DMode":false,"pivot":{"x":-0.23219162225723267,"y":-0.009542644023895264,"z":-1.1666505336761475},"rotation":{"x":0.017583800479769708,"y":-0.9805679321289063,"z":0.16660356521606446,"w":0.102674700319767},"size":1.2131348848342896,"orthographic":false}